id,filename
dd3135e1-d170-4f5d-b097-529360d24217,bec1cf16-ef62-47d7-9382-42b47061ee0d.jpeg
a32101e1-ab76-4694-8d17-44700ce6c739,c9e4d15d-280a-4ac9-8634-5ed727a9534f.jpeg
24c5baea-4bd3-4fd3-8dd2-c84a5ca1d0c6,4d6f48b2-49f8-4fb9-a970-1abd5d92420b.jpeg
9ab9afb4-85a0-4858-b34a-069a63eca46f,e2e6742c-613a-4838-9c89-9e2f8072e082.jpeg
50bd282b-8384-46d1-b175-afda9c8232be,73a5997b-b593-48bf-8a36-e4ef25f1ac91.jpeg
ba40d788-ac23-47be-af3f-b6e48e609bf3,6a69fd03-6b11-4fe2-a7bc-1a4b43265fe7.jpeg
5798a069-17ef-4645-a240-b73d216c373c,6b200c8f-8747-46e1-8de2-4c3811a43908.jpeg
d4eab99e-bf85-4ee7-b5ba-8682ecdb38eb,88c0105f-0abf-4c98-af0c-f686005d9343.jpeg
fdca9ab1-97ec-4eb3-abec-d797227dd3d0,225d0dd9-2034-4a9c-a82c-e9ddd4130bb7.jpeg
e765b90c-e5db-4667-a9cb-21a99b13c869,1e78b04d-b81f-42bc-b4fc-f8f337945989.jpeg
0d49d6bd-71dd-4cd4-ae1a-e1acf4d0ca0d,2ba42d67-99ca-4c32-a7f0-d88b125ad83f.jpeg
28ceaa4a-b62f-4cf3-bca4-a1ad6b4e91c6,ff3e62ae-1714-4ba2-a06d-92effc0ff615.jpeg
8fec76f1-2878-48f5-bac2-97133a7c8cfa,62c7d3af-03b5-4bc1-9239-ff9b06d0392a.jpeg
71ec0590-03bc-4145-a414-3773f92912ac,8a836b84-43e3-470a-9c28-9c48643a8d28.jpeg
e9fad2f8-11e3-4fc2-b5ac-b15448522c9a,3da86e0e-978c-4ee7-8665-d5d85c53374b.jpeg
41e1ea09-a2b0-44d6-80b5-9359530e2dc2,1f6f5371-491b-4266-be2a-621be340ad50.jpeg
1d199ebe-d5ba-4690-a91b-008e4cd1125e,6a161716-9669-460f-b9cf-a520c2dca1af.jpeg
1de9095c-361f-449f-9052-c3994825b8a6,84e5a025-4c36-417e-b5a6-02690b6b6373.jpeg
ff8ba603-7ed1-4588-9da1-4ab1901b8eff,3a0a9641-ffa6-4b9f-b93e-df9e9f04fde2.jpeg
c7749497-b446-42d1-904e-1b19bc53e52c,f0ff262a-7aa0-42cc-9722-27dbc4d33b59.jpeg
073aef22-775f-42d5-9984-bd719eb14e24,82e7c428-4413-46a5-8f8b-f9e6d6a063a2.jpeg
b45ee5e3-0024-4b1e-9af6-95a49fe66af9,d2048d5d-05c1-41dc-a777-f3469bd08b37.jpeg
2ff24e3e-1fa9-455c-8c7c-8b86655931ac,f5663215-a068-463a-95c2-c221106f78a6.jpeg
e247b3e8-30c4-416d-8bf7-d48f6e9b6204,e9ee60ca-d226-4b99-9d03-c1fc0667ed4b.jpeg
1ec42b66-8576-4034-af7a-51a4ea47179b,11914e3a-ce61-4bd9-9c25-382d4c9d8216.jpeg
b0cb10ef-e6d3-43ef-bd53-7e3b7fffb51e,0e295072-f0d4-4264-83d0-e19295982549.jpeg
b4a1946b-bd33-4105-b7b2-ce6e44eb6e77,3489d3b1-8197-4ed4-9d95-77a971e8d399.jpeg
4d33e135-3054-46b2-a81c-dcf946ed0bdf,f8d095c6-1291-4f40-a218-7a7d5a7426ff.jpeg
05ab3339-4303-493f-8f58-64a3b45ef207,62bbb38f-fab8-48ac-93e0-13c9b7f3df5f.jpeg
4fedd452-4619-43ce-adb0-029330dd5348,2622395a-e38d-4559-931f-533aa2ff2713.jpeg
7f4586ae-fa95-4afb-bc36-81cfa9b084fd,0f217c29-3a03-473a-8c8a-a6c26114c626.jpeg
c8bda4f3-5cf0-4c02-b0bb-68b3535661b7,5978399c-55a9-41db-acd4-6c94c912f630.jpeg
468adedf-38b2-4cc4-bf09-7db47e99b3b2,106b1eab-7464-4822-84c3-1a5842a92b65.jpeg
b3dd95a9-d4f3-4074-be41-a21b2ab8a8c4,25f0c280-8a74-4212-8078-621e3bb81f77.jpeg
cd93ff90-12d2-471c-9080-afdb5cd5ea97,44b5acad-ed6a-4545-9e2a-e29bd70b80c8.jpeg
f03b2c2c-55cb-4345-a5b6-22efe078abc6,a006f05c-23ca-43db-8eea-b0a66d23412b.jpeg
c95cede9-61ee-4ef5-abd9-87643b95cc82,e1ce59be-a0eb-4d1f-b11d-7c34cd139446.jpeg
2a708122-b28f-4486-94ab-b1c4f2e64bb7,1f2b5102-e70e-4a68-8892-9054d94b53cc.jpeg
a77024a1-d525-4f01-93a3-d0fb8ef5d41d,ed36a7d6-a463-41b3-adf4-7f68f3bb6217.jpeg
b97d3b39-625c-4777-a35e-9e5f6eb53526,9be5c1b1-4ba8-47ee-8025-c3f6504b486e.jpeg
7ee5f084-8d38-4f8d-9887-e966d1148ed9,95584f01-1da6-44aa-9052-1fc295a7b6dc.jpeg
40bb7b55-7631-4b36-bf1d-bdf62e2370e6,9f5de436-ccb9-4afc-8e9e-e876f42fa786.jpeg
81fcbc61-cb57-4cc1-961d-613b2e75ba2d,d16db5d5-fca7-41c2-b51c-ec47ae6ce09f.jpeg
30d562fd-b91f-470f-b374-71876c4b96dd,85867314-a556-49a0-a4e9-74dd3570c0f4.jpeg
4910ad6e-3139-43b7-a2db-e2c6140d32db,d6e6a5e0-1a3b-4737-8b8a-b78ace951996.jpeg
161fbb3a-9730-4780-bc49-e5c9b90f600a,60209177-864a-44fc-b63b-f3b72a25cd52.jpeg
9e549b92-18e9-4be9-bfbe-030624d9acd5,88a25e48-f58c-4c0d-9ff6-57b4a34eab8d.jpeg
195ae728-7e19-4145-b2ab-7bb1da5e2a88,537a2f82-0b09-445d-9756-5b12d24020ee.jpeg
1ca4c35b-4c80-4da0-9c9e-943eb8740bf4,03e3d974-ce0b-4766-b95d-f7fdc5a8a46f.jpeg
59f5046b-a389-4005-95c1-6587f3012313,2f74976e-eba0-4f0e-b215-37be327221bc.jpeg
